date,predict
2019-02-01,14357.495085350767
2019-02-02,13669.91700060347
2019-02-03,13097.848496527338
2019-02-04,13739.955610086277
2019-02-05,13993.544921364817
2019-02-06,13994.878220375083
2019-02-07,13751.424664435135
2019-02-08,13605.57056742557
2019-02-09,13135.682903949548
2019-02-10,12624.949857684915
2019-02-11,13291.181192600681
2019-02-12,13419.453790798523
2019-02-13,13424.895890087308
2019-02-14,13390.39952807551
2019-02-15,13257.19067585894
2019-02-16,12647.785688927772
2019-02-17,12147.150664882982
2019-02-18,12899.981164757035
2019-02-19,12874.352095286276
2019-02-20,12862.524331241533
2019-02-21,13084.653572925925
2019-02-22,13206.16335151617
2019-02-23,12863.884262728618
2019-02-24,12660.241516374417
2019-02-25,13121.473465140394
2019-02-26,13025.556135224746
2019-02-27,12718.150044232107
2019-02-28,12706.992732481722
2019-03-01,12895.302268163703
2019-03-02,12627.007191430615
2019-03-03,12456.796418702981
2019-03-04,12889.503986197105
2019-03-05,12720.929428721165
2019-03-06,12939.144165550058
2019-03-07,12587.981856031338
2019-03-08,11815.177542002075
2019-03-09,11570.44869720543
2019-03-10,11913.608315803072
2019-03-11,12686.320734912346
2019-03-12,13020.159614652963
2019-03-13,12964.128514171542
2019-03-14,12818.893771209945
2019-03-15,12759.007438522347
2019-03-16,12440.809669602528
2019-03-17,12110.31774040907
2019-03-18,12514.525740914281
2019-03-19,12762.313986642022
2019-03-20,12556.501821640517
2019-03-21,12697.40753061528
2019-03-22,12475.381464197091
2019-03-23,11841.322529460313
2019-03-24,11685.351995742705
2019-03-25,12432.211004467148
2019-03-26,12576.576669859689
2019-03-27,12874.283399044629
2019-03-28,12622.33989442
2019-03-29,12255.817235734256
2019-03-30,11529.096177835741
2019-03-31,11272.12607525099
2019-04-01,12043.31908363606
2019-04-02,12151.172723345904
2019-04-03,12021.2561958431
2019-04-04,11525.60115549448
2019-04-05,11269.285691495093
2019-04-06,10795.295125227203
2019-04-07,10487.897758875255
2019-04-08,11279.465894583001
2019-04-09,11884.21042200082
2019-04-10,12147.594196374046
2019-04-11,12167.58053921361
2019-04-12,12176.081907306134
2019-04-13,11794.337396732903
2019-04-14,11297.699043755776
2019-04-15,11715.218324426685
2019-04-16,11621.584337567381
2019-04-17,11457.597569495088
2019-04-18,11072.784280310985
2019-04-19,10742.488771925604
2019-04-20,10494.322486636913
2019-04-21,10413.565768775996
2019-04-22,10600.761292967642
2019-04-23,10416.608871495766
2019-04-24,10197.56237030006
2019-04-25,10062.467400096004
2019-04-26,10001.41082994146
2019-04-27,9346.908544959155
2019-04-28,9267.816026402481
2019-04-29,9630.029984602734
2019-04-30,9616.91197866181
2019-05-01,9137.38086311521
2019-05-02,9595.216263130518
2019-05-03,10072.837865248795
2019-05-04,10067.913445934091
2019-05-05,9971.520338596552
2019-05-06,10647.516678817698
2019-05-07,10662.588080024567
2019-05-08,10556.597052144125
2019-05-09,9750.373903413261
2019-05-10,9663.57712350393
2019-05-11,9671.975409444243
2019-05-12,9794.794770695122
2019-05-13,10573.354284815578
2019-05-14,11132.237172634626
2019-05-15,10798.821063179574
2019-05-16,10585.921466091382
2019-05-17,10404.805786884475
2019-05-18,9973.759588575444
2019-05-19,9454.851034997226
2019-05-20,9786.291469594798
2019-05-21,9656.871604071954
2019-05-22,9513.896000473907
2019-05-23,9558.445960447189
2019-05-24,9507.119739607502
2019-05-25,9230.957582510347
2019-05-26,9091.608759237552
2019-05-27,9767.538584647089
2019-05-28,9833.33651314931
2019-05-29,9988.897845801648
2019-05-30,9851.555503599793
2019-05-31,9733.920894500301
2019-06-01,9197.899767005976
2019-06-02,8940.601389510943
2019-06-03,9526.306417825806
2019-06-04,9559.176619551676
2019-06-05,9732.210394245514
2019-06-06,9818.55577110556
2019-06-07,9674.288241365764
2019-06-08,9161.971407145693
2019-06-09,8729.41071072064
2019-06-10,9463.103713476325
2019-06-11,9679.185452892569
2019-06-12,9324.949478872675
2019-06-13,9693.370636089543
2019-06-14,9447.715897658045
2019-06-15,8991.968637621923
2019-06-16,8755.53897481826
2019-06-17,9374.775445934618
2019-06-18,9526.215930384682
2019-06-19,9586.655532602494
2019-06-20,9805.910881094764
2019-06-21,9521.690347912805
2019-06-22,8890.80816275066
2019-06-23,8597.89602059864
2019-06-24,9415.87400420358
2019-06-25,9581.507364900328
2019-06-26,9703.778355500835
2019-06-27,9552.483186034093
2019-06-28,9301.55020711301
2019-06-29,8825.584823839505
2019-06-30,8508.263226892626
2019-07-01,9230.409010513195
2019-07-02,9201.803507000035
2019-07-03,9077.326222225362
2019-07-04,9237.994888231175
2019-07-05,9343.028805447435
2019-07-06,8845.49224099375
2019-07-07,8766.899926278136
2019-07-08,9343.713375297239
2019-07-09,9489.16354779982
2019-07-10,9444.025654985577
2019-07-11,9439.506739025725
2019-07-12,9419.645897776694
2019-07-13,9068.334450458895
2019-07-14,8875.903392556176
2019-07-15,9377.448451281804
2019-07-16,9439.137486035392
2019-07-17,9401.125019367597
2019-07-18,9430.253248622317
2019-07-19,9484.663082610268
2019-07-20,9028.819258393874
2019-07-21,8919.835193349567
2019-07-22,9412.220496706426
2019-07-23,9498.937883289502
2019-07-24,9432.82478629337
2019-07-25,9496.224226193963
2019-07-26,9537.911300029533
2019-07-27,9006.628735992303
2019-07-28,8872.093024500866
2019-07-29,9692.282353331308
2019-07-30,9633.146804439553
2019-07-31,9402.672714892595
2019-08-01,9367.918633166086
2019-08-02,9451.96046748154
2019-08-03,9129.995489809238
2019-08-04,8939.126015127136
2019-08-05,9449.125880878979
2019-08-06,9638.091570177292
2019-08-07,9562.45274840666
2019-08-08,9614.828612215984
2019-08-09,9470.933042589695
2019-08-10,9140.266943607878
2019-08-11,9027.594599173706
2019-08-12,9513.581421586547
2019-08-13,9563.364459704246
2019-08-14,9627.18775154202
2019-08-15,9601.894669319288
2019-08-16,9630.925398311872
2019-08-17,9206.563856496305
2019-08-18,9226.546122061554
2019-08-19,9589.223977820344
2019-08-20,9653.946184445946
2019-08-21,9593.224197115975
2019-08-22,9602.583315258436
2019-08-23,9641.615367704959
2019-08-24,9245.038026861248
2019-08-25,9210.180801585624
2019-08-26,9813.368450145463
2019-08-27,9895.961129888603
2019-08-28,9971.960420948619
2019-08-29,9937.75577452042
2019-08-30,9864.623483621668
2019-08-31,9273.989841979597
2019-09-01,9189.914893094045
2019-09-02,9554.756823402467
2019-09-03,9337.393053336
2019-09-04,9250.745835202953
2019-09-05,9489.369095843116
2019-09-06,9469.828459463552
2019-09-07,8990.678116475246
2019-09-08,8993.139468410182
2019-09-09,9380.292187167197
2019-09-10,9535.129163262003
2019-09-11,9535.734930339271
2019-09-12,9527.159562918427
2019-09-13,9563.026534316337
2019-09-14,9190.698648793616
2019-09-15,9207.641882898004
2019-09-16,9829.995297559972
2019-09-17,10160.892978880598
2019-09-18,10545.61449427005
2019-09-19,10533.744278053915
2019-09-20,10642.478978450881
2019-09-21,10305.68471584776
2019-09-22,10061.377312419972
2019-09-23,10553.2211692809
2019-09-24,10845.037424864573
2019-09-25,10888.507583484787
2019-09-26,10976.440927785377
2019-09-27,10729.593279274713
2019-09-28,10260.327359687275
2019-09-29,10154.462883128592
2019-09-30,10719.495171693978
2019-10-01,11053.034218167912
2019-10-02,11141.719850140465
2019-10-03,11172.48852484477
2019-10-04,11116.669109231923
2019-10-05,10850.924412983532
2019-10-06,10927.884472616624
2019-10-07,11957.328097165646
2019-10-08,12129.896228869811
2019-10-09,11986.485620499358
2019-10-10,11756.376559977934
2019-10-11,11683.24087887248
2019-10-12,11307.813182649761
2019-10-13,10923.801993764864
2019-10-14,11356.018647908988
2019-10-15,11203.748390185547
2019-10-16,11181.90614988643
2019-10-17,11236.254233931235
2019-10-18,11169.089059740854
2019-10-19,10842.78174011711
2019-10-20,10465.66176441003
2019-10-21,11107.505534598948
2019-10-22,11381.240123554744
2019-10-23,11232.548650311324
2019-10-24,11317.504460250002
2019-10-25,11217.93269052709
2019-10-26,10825.944106786095
2019-10-27,10554.698962563856
2019-10-28,11410.258718377805
2019-10-29,11925.24064398243
2019-10-30,12031.884534555109
2019-10-31,12267.594185465847
2019-11-01,12321.287913635826
2019-11-02,11933.58176323083
2019-11-03,11509.219190930507
2019-11-04,11397.873940682643
2019-11-05,11792.381151445945
2019-11-06,12169.7657922603
2019-11-07,12342.999697768995
2019-11-08,12427.232684307686
2019-11-09,11983.20723006939
2019-11-10,11638.199266676254
2019-11-11,12312.984937344168
2019-11-12,12759.650137393086
2019-11-13,12601.946618763972
2019-11-14,12553.939100818343
2019-11-15,12672.48389132218
2019-11-16,12100.332969683996
2019-11-17,11733.479811468545
2019-11-18,12393.306357284418
2019-11-19,12370.62619716789
2019-11-20,12540.323783655738
2019-11-21,12629.421688048387
2019-11-22,12778.617392830169
2019-11-23,12596.82184893129
2019-11-24,12653.740685220531
2019-11-25,13388.666302734786
2019-11-26,13634.533120715194
2019-11-27,13519.154951209612
2019-11-28,13339.445471454968
2019-11-29,13093.572684591876
2019-11-30,12703.872593399183
2019-12-01,12551.617625478108
2019-12-02,13475.914893101519
2019-12-03,13564.240748838878
2019-12-04,13481.700193110697
2019-12-05,13457.503931505331
2019-12-06,13520.011968572155
2019-12-07,12995.673391798631
2019-12-08,12533.877089340982
2019-12-09,13138.99146323153
2019-12-10,13197.07813320805
2019-12-11,13486.786860030472
2019-12-12,13812.333945432001
2019-12-13,13719.610650025497
2019-12-14,13123.085277640772
2019-12-15,12599.305693583954
2019-12-16,13254.99929472235
2019-12-17,13160.471686107336
2019-12-18,13061.308589371389
2019-12-19,13130.953256314962
2019-12-20,13190.345468519494
2019-12-21,12526.20881737771
2019-12-22,12297.81091658964
2019-12-23,13004.438634049648
2019-12-24,13084.958549738745
2019-12-25,12950.968595852215
2019-12-26,13119.425762673138
2019-12-27,13191.450486661919
2019-12-28,13037.674195564703
2019-12-29,12900.436598454833
2019-12-30,13329.585008300608
2019-12-31,12332.154372693327
2020-01-01,11497.944748028774
2020-01-02,11218.61750370491
2020-01-03,11673.462462262545
2020-01-04,11996.991295055737
2020-01-05,12045.117023715771
2020-01-06,12389.536189492497
2020-01-07,12031.164327893295
2020-01-08,12055.582425222508
2020-01-09,12780.12568531849
2020-01-10,12915.931406764144
2020-01-11,12443.289864620945
2020-01-12,12362.248555970256
2020-01-13,13079.144248129875
2020-01-14,13031.89819931332
2020-01-15,13019.303773758778
2020-01-16,12870.663882610714
2020-01-17,13023.665799185976
2020-01-18,12730.49153651401
2020-01-19,12578.206419530256
2020-01-20,12946.131186409722
2020-01-21,13112.154866133818
2020-01-22,12983.479231481511
2020-01-23,12833.602471024584
2020-01-24,12932.258034590997
2020-01-25,12612.318224922245
2020-01-26,12305.39621562122
2020-01-27,13209.950701205631
2020-01-28,13291.879746163328
2020-01-29,13205.266443443332
2020-01-30,13145.596891698775
2020-01-31,13076.363608781787
2020-02-01,12378.649780480935
2020-02-02,12185.844498665772
2020-02-03,12816.842189767096
2020-02-04,13037.852529200718
2020-02-05,13055.118939798702
2020-02-06,13078.487172621702
2020-02-07,13020.476851528625
2020-02-08,12730.397214840483
2020-02-09,12489.020699013494
2020-02-10,13018.06870479185
2020-02-11,12973.869012408377
2020-02-12,13298.370270493617
2020-02-13,13181.528772157271
2020-02-14,13182.440430136643
2020-02-15,12759.856092613752
2020-02-16,12452.83081814188
2020-02-17,12552.475483415657
2020-02-18,12706.560176092567
2020-02-19,12940.386291709301
2020-02-20,12929.091764112905
2020-02-21,12894.449113406812
2020-02-22,12472.057731311754
2020-02-23,11825.982954988189
2020-02-24,12244.475840413843
2020-02-25,12519.192845157868
2020-02-26,12858.753881796514
2020-02-27,12924.640983549116
2020-02-28,13049.203756901728
2020-02-29,12514.403408508282
2020-03-01,11928.354164416285
2020-03-02,12518.534603073265
2020-03-03,12837.381407084196
2020-03-04,12647.508046353962
2020-03-05,12676.219151975238
2020-03-06,12622.082251736727
2020-03-07,12170.182874108268
2020-03-08,11574.730297382028
2020-03-09,11962.959247869969
2020-03-10,12297.135118095597
2020-03-11,12344.50914275293
2020-03-12,12406.791062429342
2020-03-13,12485.090199406424
2020-03-14,12000.27345446972
2020-03-15,11955.576177335672
2020-03-16,12495.033079248422
2020-03-17,12615.323206809622
2020-03-18,12245.775512869639
2020-03-19,12280.482399581346
2020-03-20,12289.101876923136
2020-03-21,11923.225441985824
2020-03-22,11934.886079609929
2020-03-23,12491.73359555508
2020-03-24,12564.370503811337
2020-03-25,12565.61282339905
2020-03-26,12344.682907564225
2020-03-27,12187.912650087903
2020-03-28,11491.295908426577
2020-03-29,11113.19070823979
2020-03-30,11775.781390814498
2020-03-31,11562.014378421536
2020-04-01,11580.718812673222
2020-04-02,11492.592571840389
2020-04-03,11412.197523634306
2020-04-04,10976.600780921439
2020-04-05,10777.67099739175
2020-04-06,10879.058775298878
2020-04-07,10573.070637380852
2020-04-08,10563.00488152216
2020-04-09,10606.79384977927
2020-04-10,10694.361264959869
2020-04-11,10411.688144301777
2020-04-12,10173.423527115308
2020-04-13,10597.889675848655
2020-04-14,10901.543297677623
2020-04-15,11081.001022616043
2020-04-16,11189.119246860506
2020-04-17,10979.207890864373
2020-04-18,10514.008146899769
2020-04-19,10528.386391178119
2020-04-20,10700.747761642628
2020-04-21,10877.552021327763
2020-04-22,10732.736478589508
2020-04-23,10579.399522680826
2020-04-24,10422.167618525162
2020-04-25,10139.584276282807
2020-04-26,9878.706513858315
2020-04-27,10349.450831828717
2020-04-28,10264.68087321914
2020-04-29,10286.438725159383
2020-04-30,10341.17687562437
2020-05-01,9478.802942548542
2020-05-02,9353.040350447922
2020-05-03,9362.66228725661
2020-05-04,9711.892025652827
2020-05-05,9896.669966165011
2020-05-06,10129.382374626552
2020-05-07,10019.250303094812
2020-05-08,9982.891805412282
2020-05-09,9159.46678487473
2020-05-10,8844.952724915212
2020-05-11,9532.584441498107
2020-05-12,10353.893269906823
2020-05-13,10615.609302467821
2020-05-14,10708.963252602567
2020-05-15,10480.033706396001
2020-05-16,10233.91608661179
2020-05-17,9867.306739001811
2020-05-18,10425.999865601387
2020-05-19,10613.424774421885
2020-05-20,10448.487128750732
2020-05-21,10239.410870939411
2020-05-22,10215.844374950899
2020-05-23,9727.788463244744
2020-05-24,9347.624155459393
2020-05-25,9819.67321850952
2020-05-26,9886.043136097736
2020-05-27,9645.225014656824
2020-05-28,9578.639822719224
2020-05-29,9592.46610435358
2020-05-30,9256.610118407816
2020-05-31,9052.28277696435
2020-06-01,9183.233599056884
2020-06-02,9474.075214066661
2020-06-03,9415.043638448347
2020-06-04,9484.07950123375
2020-06-05,9559.397465402331
2020-06-06,9077.204805901016
2020-06-07,8896.050591212508
2020-06-08,9387.79092970525
2020-06-09,9373.849183518867
2020-06-10,9337.392508849318
2020-06-11,9556.294226173532
2020-06-12,8841.423715533248
2020-06-13,7601.16090585472
2020-06-14,7566.507321115468
2020-06-15,8385.104784715966
2020-06-16,8985.129467222916
2020-06-17,9240.44382113001
2020-06-18,9387.020191303212
2020-06-19,9499.823098619576
2020-06-20,8625.230020119947
2020-06-21,7669.224542672881
2020-06-22,8808.656946553772
2020-06-23,9154.428940767024
2020-06-24,8624.82434720193
2020-06-25,8266.607940387745
2020-06-26,8312.884124047618
2020-06-27,7786.147867257571
2020-06-28,7985.3450069931605
2020-06-29,8515.417238483851
2020-06-30,8318.96040161765
2020-07-01,8824.413703773698
2020-07-02,8995.072064437276
2020-07-03,9036.620167470379
2020-07-04,8811.06722636935
2020-07-05,8365.87722336327
2020-07-06,9171.699950172882
2020-07-07,9071.449162071505
2020-07-08,9195.596241892363
2020-07-09,9254.110724188411
2020-07-10,9190.756983775693
2020-07-11,8878.859275406767
2020-07-12,8682.313559573617
2020-07-13,9201.20420902278
2020-07-14,9331.863930797968
2020-07-15,9000.446827302432
2020-07-16,9314.40113705113
2020-07-17,9379.654836898775
2020-07-18,9040.11035079554
2020-07-19,8858.157879608032
2020-07-20,9387.942954821534
2020-07-21,9199.09097798808
2020-07-22,9155.707267339663
2020-07-23,9181.537128974303
2020-07-24,9220.199642534571
2020-07-25,9034.573082444307
2020-07-26,8746.800665287989
2020-07-27,8363.043500403339
2020-07-28,8710.62922909154
2020-07-29,8534.159955098346
2020-07-30,8046.1520339831195
2020-07-31,8578.499087013142
2020-08-01,8829.71507298099
2020-08-02,8734.511702389653
2020-08-03,9311.83223378204
2020-08-04,9418.576749690854
2020-08-05,9314.006826219087
2020-08-06,9401.052427565919
2020-08-07,9482.435357626147
2020-08-08,9083.261074267833
2020-08-09,8909.631212988204
2020-08-10,9556.720424520388
2020-08-11,9495.093263303943
2020-08-12,9371.371136839845
2020-08-13,9490.577264600173
2020-08-14,9661.146896430555
2020-08-15,9261.475021945073
2020-08-16,9181.179812988548
2020-08-17,9768.15067544857
2020-08-18,9874.59929031012
2020-08-19,9668.691812193123
2020-08-20,9880.745446836821
2020-08-21,9938.308194339828
2020-08-22,9492.721646811
2020-08-23,9111.124350640477
2020-08-24,9624.876615483821
2020-08-25,9620.129530803277
2020-08-26,9550.468545753589
2020-08-27,9634.070369999874
2020-08-28,9585.566157017904
2020-08-29,9195.015263573423
2020-08-30,9122.968635546618
2020-08-31,9615.491884479894
2020-09-01,9599.669925931064
2020-09-02,9612.571592161075
2020-09-03,9820.261787881233
2020-09-04,9773.395495127836
2020-09-05,9601.586084868204
2020-09-06,9285.939689493498
2020-09-07,9832.282282848302
2020-09-08,9951.28804242083
2020-09-09,10069.6041722051
2020-09-10,9956.204670960802
2020-09-11,9952.643491661272
2020-09-12,9510.045112716187
2020-09-13,9276.052609092467
2020-09-14,9910.537895441428
2020-09-15,9946.951842379543
2020-09-16,9886.06012356507
2020-09-17,9842.973189516253
2020-09-18,9919.85182487232
2020-09-19,9476.396517227864
2020-09-20,9296.485007926853
2020-09-21,10001.852888401065
2020-09-22,9951.0320887308
2020-09-23,9984.541747592159
2020-09-24,9872.720435460586
2020-09-25,9903.256497414459
2020-09-26,9543.490700517154
2020-09-27,9172.889410459251
2020-09-28,9558.921218591517
2020-09-29,9728.178964847719
2020-09-30,9885.00700849974
2020-10-01,9960.436743270488
2020-10-02,10116.032800388968
2020-10-03,9809.392971930292
2020-10-04,9483.593307051
2020-10-05,10007.23156935451
2020-10-06,10146.172189947098
2020-10-07,10202.367938801426
2020-10-08,10331.251008632582
2020-10-09,10739.247707738548
2020-10-10,10392.534842216157
2020-10-11,10407.288168563946
2020-10-12,11186.846958406699
2020-10-13,11620.87013726998
2020-10-14,11704.254643477996
2020-10-15,11889.370482052562
2020-10-16,11767.403800490107
2020-10-17,11500.138029623839
2020-10-18,11337.070499016756
2020-10-19,11997.797514234793
2020-10-20,12144.12836892676
2020-10-21,11931.992007311877
2020-10-22,11785.192571813122
2020-10-23,11582.760147755487
2020-10-24,11309.624719008325
2020-10-25,10852.617347910318
2020-10-26,11329.5779949983
2020-10-27,11648.074480887057
2020-10-28,11656.622645012396
2020-10-29,11650.373723572528
2020-10-30,11708.940059472025
2020-10-31,11469.003498529868
2020-11-01,11202.374544038801
2020-11-02,11930.024910058006
2020-11-03,11748.341291497436
2020-11-04,11303.480218991774
2020-11-05,11737.185422275808
2020-11-06,11951.92794132322
2020-11-07,11511.712553138228
2020-11-08,11367.885825287109
2020-11-09,12067.005336115346
2020-11-10,12071.632056992761
2020-11-11,12389.142238171782
2020-11-12,12512.354140524301
2020-11-13,12528.541151987294
2020-11-14,12111.924582525802
2020-11-15,11621.87271895445
2020-11-16,12208.25809849218
2020-11-17,12637.724155747068
2020-11-18,12485.26832430134
2020-11-19,12450.012535734722
2020-11-20,12566.036577458775
2020-11-21,12249.5253596987
2020-11-22,12216.21194980754
2020-11-23,12718.876898274666
2020-11-24,12778.27725614115
2020-11-25,12794.386803548716
2020-11-26,12928.195617801279
2020-11-27,13119.506125739124
2020-11-28,12547.125500676053
2020-11-29,12437.170875263835
2020-11-30,13241.539164803899
2020-12-01,13368.958603376286
2020-12-02,13678.346443239934
2020-12-03,13858.747602274781
2020-12-04,13819.657905593513
2020-12-05,13086.484121579808
2020-12-06,12502.046093887007
2020-12-07,13378.299184599742
2020-12-08,13853.407795891402
2020-12-09,14186.486145448785
2020-12-10,14277.249986465986
2020-12-11,14262.414842129338
2020-12-12,13628.421982589123
2020-12-13,13260.744783528857
2020-12-14,13963.976269741292
2020-12-15,13855.572248125907
2020-12-16,13958.960300821464
2020-12-17,13625.872003887758
2020-12-18,13471.413033113677
2020-12-19,13072.795859463991
2020-12-20,12853.926643242115
2020-12-21,13592.591237718014
2020-12-22,13641.219622998384
2020-12-23,13621.533556591188
2020-12-24,13646.714580973048
2020-12-25,13725.555901113334
2020-12-26,13300.972815916251
2020-12-27,13162.354543585136
2020-12-28,13834.42376170008
2020-12-29,13623.2505852829
2020-12-30,13470.088333277283
2020-12-31,12729.1501113048
2021-01-01,12223.622535187164
2021-01-02,11909.233042297592
2021-01-03,12349.937127233265
2021-01-04,13020.167251919154
2021-01-05,13164.852057996462
2021-01-06,13234.712008225582
2021-01-07,12956.729414519103
2021-01-08,12921.263309243663
2021-01-09,13150.94811182552
2021-01-10,13262.073557104679
2021-01-11,13902.9183721379
2021-01-12,14194.191537996212
2021-01-13,14458.950354919994
2021-01-14,14370.626986495809
2021-01-15,14743.88762636667
2021-01-16,14711.836202037048
2021-01-17,14663.882848156612
2021-01-18,15802.332097908786
2021-01-19,15890.23724468069
2021-01-20,15559.30108745193
2021-01-21,14872.117178154964
2021-01-22,14243.82085150181
2021-01-23,13538.483088442526
2021-01-24,13308.631937733584
2021-01-25,14084.765767331795
2021-01-26,14237.22435473438
2021-01-27,14269.486623068284
2021-01-28,14254.733269570843
2021-01-29,14518.10753882999
2021-01-30,14119.507491422564
2021-01-31,13680.178964136541
2021-02-01,14279.468154046224
2021-02-02,14800.942012951926
2021-02-03,14564.332265128567
2021-02-04,14640.286962793933
2021-02-05,14967.291812002119
2021-02-06,14653.100001216597
2021-02-07,14944.789403909803
2021-02-08,15969.655802026722
2021-02-09,16030.987456769795
2021-02-10,16025.475459364488
2021-02-11,16107.99060452715
2021-02-12,15968.76531836282
2021-02-13,15221.715564580643
2021-02-14,14476.829605704814
2021-02-15,14834.042036796
2021-02-16,15034.388670306098
2021-02-17,14992.298674298947
2021-02-18,15497.287974800669
2021-02-19,15621.579808108674
2021-02-20,14571.925029361282
2021-02-21,13640.021481375174
2021-02-22,13402.13079773018
2021-02-23,12817.210978941008
2021-02-24,13190.077230588955
2021-02-25,13000.310270505635
2021-02-26,12833.198518311536
2021-02-27,12421.483864674716
2021-02-28,12309.479597395095
2021-03-01,13186.019531933634
2021-03-02,13230.411708787242
2021-03-03,13289.083474012676
2021-03-04,13441.381280641086
2021-03-05,13573.876538796154
2021-03-06,13055.912515620335
2021-03-07,12788.235561669344
2021-03-08,12730.328259801166
2021-03-09,13299.076850541152
2021-03-10,13773.309159337863
2021-03-11,13978.886786364303
2021-03-12,13864.011056036876
2021-03-13,13195.038043848057
2021-03-14,12821.25036151801
2021-03-15,13339.489482719697
2021-03-16,13439.942948746433
2021-03-17,13284.284091592179
2021-03-18,13524.259222822093
2021-03-19,13657.410694633261
2021-03-20,13412.925821450079
2021-03-21,12949.2952536962
2021-03-22,13441.618888057019
2021-03-23,13295.139681526645
2021-03-24,13187.494432398527
2021-03-25,13135.005833995392
2021-03-26,12851.433590709803
2021-03-27,11960.42874054858
2021-03-28,11889.92598888844
2021-03-29,12654.788002802397
2021-03-30,12634.980665765508
2021-03-31,12131.812565548349
2021-04-01,12202.866736450458
2021-04-02,12528.834030709004
2021-04-03,12220.457412074576
2021-04-04,11954.589362172774
2021-04-05,12517.248001666063
2021-04-06,12895.197429513619
2021-04-07,12919.050603654283
2021-04-08,12795.33782459296
2021-04-09,12645.45504421273
2021-04-10,12010.012300522229
2021-04-11,11600.999166097927
2021-04-12,11688.211453706856
2021-04-13,12237.566345327545
2021-04-14,12382.794260462591
2021-04-15,12338.727341139269
2021-04-16,12370.343956727558
2021-04-17,11678.822613142656
2021-04-18,11023.580864150077
2021-04-19,11349.635060242024
2021-04-20,11321.774883885135
2021-04-21,11229.964015531283
2021-04-22,11543.259706519844
2021-04-23,12073.002576583904
2021-04-24,11706.972842111925
2021-04-25,11378.031461504223
2021-04-26,11912.384067025856
2021-04-27,12363.625108923721
2021-04-28,12206.791708226843
2021-04-29,11877.657275654747
2021-04-30,11903.113816176729
2021-05-01,10960.943900152715
2021-05-02,10724.397644114058
2021-05-03,11568.685536407405
2021-05-04,11770.012597187157
2021-05-05,11596.199633805232
2021-05-06,11646.211121504364
2021-05-07,11944.860460843169
2021-05-08,11204.738782294913
2021-05-09,10598.538193470029
2021-05-10,10502.025380190264
2021-05-11,10314.195114141145
2021-05-12,10229.22288042122
2021-05-13,10139.141592337797
2021-05-14,10030.178114541372
2021-05-15,9881.025450355837
2021-05-16,9701.931768264632
2021-05-17,10165.00408835448
2021-05-18,10223.014616679337
2021-05-19,10299.7483008616
2021-05-20,10300.882491432081
2021-05-21,10207.070135965565
2021-05-22,10091.96172064897
2021-05-23,9570.272284266683
2021-05-24,10139.455810967362
2021-05-25,10288.791248421447
2021-05-26,10601.742495253855
2021-05-27,10465.649349620755
2021-05-28,10438.26567954018
2021-05-29,10203.587251801338
2021-05-30,9821.738611163215
2021-05-31,10160.708351208443
2021-06-01,10236.86105488467
2021-06-02,10129.224735969061
2021-06-03,10121.098502102313
2021-06-04,9936.245038450961
2021-06-05,9449.269188889668
2021-06-06,9260.56448536163
2021-06-07,9632.676438320785
2021-06-08,9770.458680135978
2021-06-09,9776.308002968492
2021-06-10,9783.82363005323
2021-06-11,9718.054127344569
2021-06-12,9160.4822663229
2021-06-13,9136.257343575651
2021-06-14,9591.866085633304
2021-06-15,9723.028797639901
2021-06-16,9756.709320306232
2021-06-17,9861.332098965446
2021-06-18,10127.544169549663
2021-06-19,9811.660507964132
2021-06-20,9456.287621733536
2021-06-21,10158.803941114787
2021-06-22,10351.403807145396
2021-06-23,10183.950468246461
2021-06-24,9885.657317622445
2021-06-25,9854.008632273968
2021-06-26,9402.572471447336
2021-06-27,9143.344630034151
2021-06-28,9775.50851058056
2021-06-29,9884.571527349719
2021-06-30,9826.647758872623
2021-07-01,9818.632840570051
2021-07-02,9816.550010654255
2021-07-03,9398.977980404394
2021-07-04,9225.101698362472
2021-07-05,9794.138234776452
2021-07-06,9971.870416813601
2021-07-07,10179.050233632928
2021-07-08,10232.03935167286
2021-07-09,10172.55573892471
2021-07-10,9596.286204022754
2021-07-11,9250.320372803077
2021-07-12,10154.026645939988
2021-07-13,10314.193026380446
2021-07-14,10316.376191704605
2021-07-15,10402.41014615671
2021-07-16,10417.28213625364
2021-07-17,9965.85514360746
2021-07-18,9357.697091520202
2021-07-19,9857.384149394546
2021-07-20,9835.751931436707
2021-07-21,9762.1827955073
2021-07-22,9784.068633968367
2021-07-23,9780.346348037538
2021-07-24,9479.94537733848
2021-07-25,9230.602093204427
2021-07-26,10010.821331481984
2021-07-27,10121.56293951459
2021-07-28,10176.408322809273
2021-07-29,10213.395018726374
2021-07-30,10039.728551901197
2021-07-31,9485.227555260153
2021-08-01,9311.782465677128
2021-08-02,9805.460161317476
2021-08-03,9794.793149670648
2021-08-04,9779.261219227808
2021-08-05,9820.963037461725
2021-08-06,9805.71048147418
2021-08-07,9274.269917479742
2021-08-08,9252.21965108148
2021-08-09,9806.237919119254
2021-08-10,9847.362282476099
2021-08-11,9804.036680054105
2021-08-12,9774.602283815733
2021-08-13,9948.767646532666
2021-08-14,9590.26523319542
2021-08-15,9210.21031712361
2021-08-16,9879.7720920268
2021-08-17,9862.719895647917
2021-08-18,9870.574304057724
2021-08-19,9857.757804115277
2021-08-20,9931.491693385604
2021-08-21,9571.097186970688
2021-08-22,9347.030054774428
2021-08-23,9965.541989755153
2021-08-24,9991.474465655665
2021-08-25,9976.478754327458
2021-08-26,10103.743734127465
2021-08-27,10036.024515616173
2021-08-28,9663.881123329216
2021-08-29,9623.049826074399
2021-08-30,10089.986173688583
2021-08-31,10244.529521177798
2021-09-01,10352.149155577765
2021-09-02,10166.753127730284
2021-09-03,10177.245958379157
2021-09-04,10030.067855283927
2021-09-05,9705.326734534621
2021-09-06,10458.07969734278
2021-09-07,10434.155176710614
2021-09-08,10158.501876574144
2021-09-09,10139.249194767073
2021-09-10,10019.955854576849
2021-09-11,9705.679132352641
2021-09-12,9414.978178108096
2021-09-13,9934.168350110378
2021-09-14,10006.740068437612
2021-09-15,10061.410213374736
2021-09-16,10272.202227507123
2021-09-17,10546.620236501856
2021-09-18,10370.011358221134
2021-09-19,10358.546080798245
2021-09-20,11146.511955156275
2021-09-21,11265.578582267399
2021-09-22,11345.867827159933
2021-09-23,11304.267305270338
2021-09-24,11511.046601051963
2021-09-25,10876.47074836082
2021-09-26,10590.003016033577
2021-09-27,11050.391154075553
2021-09-28,11180.991962783153
2021-09-29,11256.156141325046
2021-09-30,11285.295265903396
2021-10-01,11407.281018068075
2021-10-02,10903.64126465969
2021-10-03,10846.572987550744
2021-10-04,11274.906480876462
2021-10-05,11304.490254485232
2021-10-06,11263.511939284286
2021-10-07,11408.673053069604
2021-10-08,11344.423624767805
2021-10-09,11310.45404466563
2021-10-10,11027.11382895384
2021-10-11,12001.69268758065
2021-10-12,12218.243481157579
2021-10-13,12231.133813882536
2021-10-14,12271.24273020197
2021-10-15,12270.074432247853
2021-10-16,11713.121480682626
2021-10-17,11701.492625122864
2021-10-18,12137.449583609854
2021-10-19,12406.025270471802
2021-10-20,12298.47186035102
2021-10-21,11920.313265957395
2021-10-22,11963.306962046472
2021-10-23,11879.975702036481
2021-10-24,11834.771889986961
2021-10-25,12416.5355191851
2021-10-26,12440.538126138394
2021-10-27,12329.464859781267
2021-10-28,12355.979358834526
2021-10-29,12056.464020897785
2021-10-30,11551.143902380783
2021-10-31,11400.250464840885
2021-11-01,11837.698891902111
2021-11-02,12176.650095427194
2021-11-03,12436.157422059872
2021-11-04,12024.255546453693
2021-11-05,12246.820618195929
2021-11-06,12018.772053695082
2021-11-07,11927.59015336952
2021-11-08,12731.156644247561
2021-11-09,13166.569361035194
2021-11-10,13233.768966376647
2021-11-11,13219.426788360524
2021-11-12,13204.652514596786
2021-11-13,12859.021926101432
2021-11-14,12640.06369476442
2021-11-15,13380.745944609896
2021-11-16,13712.020973088536
2021-11-17,13678.341553217044
2021-11-18,13642.423737606789
2021-11-19,13362.07876190489
2021-11-20,12556.486338911358
2021-11-21,12314.958692450578
2021-11-22,13110.063876775876
2021-11-23,13486.801168377258
2021-11-24,13667.407314865683
2021-11-25,13676.81820354208
2021-11-26,13673.280698452627
2021-11-27,13425.021703218781
2021-11-28,13383.323745101576
2021-11-29,14090.926722340755
2021-11-30,14306.20420668882
2021-12-01,14391.269031870217
2021-12-02,14515.14052844197
2021-12-03,14405.065210253477
2021-12-04,14243.47288646547
2021-12-05,14024.354931234324
2021-12-06,15004.896491705133
2021-12-07,15651.518770079985
2021-12-08,16021.015156588475
2021-12-09,16056.30468197193
2021-12-10,15594.991377157216
2021-12-11,14877.079703722233
2021-12-12,14645.909390678706
2021-12-13,15332.612229188888
2021-12-14,15252.426919436386
2021-12-15,14870.8497652349
2021-12-16,14524.429463529345
2021-12-17,14395.18335265876
2021-12-18,14026.015147827517
2021-12-19,13727.548873917583
2021-12-20,14544.54199672081
2021-12-21,15283.31391325211
2021-12-22,15857.427330067278
2021-12-23,15787.450349006791
2021-12-24,15466.10026095499
2021-12-25,14980.916308323267
2021-12-26,14612.355129886548
2021-12-27,15757.979294571964
2021-12-28,16161.709922384884
2021-12-29,15871.13606579119
2021-12-30,15344.70789432927
2021-12-31,14019.433415387808
2022-01-01,12479.976234240397
2022-01-02,12547.141037723315
2022-01-03,12923.413511160916
2022-01-04,13061.44338289334
2022-01-05,13294.077618639196
2022-01-06,13654.560036948234
2022-01-07,13656.464203199981
2022-01-08,13638.830166311402
2022-01-09,13862.310581396041
2022-01-10,14920.380171867799
2022-01-11,15245.411876931426
2022-01-12,15298.052854098762
2022-01-13,14983.97601771415
2022-01-14,14379.78732881426
2022-01-15,13960.148780087527
2022-01-16,13856.031479982339
2022-01-17,14520.957258371664
2022-01-18,14508.298387135925
2022-01-19,14465.813966356052
2022-01-20,14581.351086296901
2022-01-21,14702.512610684811
2022-01-22,14338.727036402834
2022-01-23,13985.763187109387
2022-01-24,14609.140864619796
2022-01-25,14592.62262174772
2022-01-26,14446.898172438316
2022-01-27,14417.142820801582
2022-01-28,14295.213859755668
2022-01-29,13992.476938099657
2022-01-30,13573.670696913285
2022-01-31,14137.509537776814
2022-02-01,14516.845921857312
2022-02-02,14673.761025468832
2022-02-03,14717.693317344316
2022-02-04,14527.462717047725
2022-02-05,13717.858572026831
2022-02-06,13465.942249071253
2022-02-07,14087.593442800022
2022-02-08,14141.91757406725
2022-02-09,14125.896306089342
2022-02-10,14026.633497612487
2022-02-11,14062.962824676419
2022-02-12,13731.874549629758
2022-02-13,13552.895401086129
2022-02-14,14070.945582875944
2022-02-15,13979.088048496527
2022-02-16,13966.940578121621
2022-02-17,14010.648087118308
2022-02-18,13907.819833571803
2022-02-19,13485.487201863642
2022-02-20,13193.181255381067
2022-02-21,13868.059625702066
2022-02-22,13836.496298167776
2022-02-23,13594.545001882147
2022-02-24,13543.1669773266
2022-02-25,13610.135347426422
2022-02-26,13345.997868533874
2022-02-27,13213.220174187914
2022-02-28,13869.074145090959
2022-03-01,13718.077259562799
2022-03-02,13897.635025623498
2022-03-03,13784.117732623523
2022-03-04,13858.966364135711
2022-03-05,13691.890356304826
2022-03-06,13500.638177618774
2022-03-07,13746.331695561486
2022-03-08,12867.254828613712
2022-03-09,13274.830164362318
2022-03-10,13875.458143421341
2022-03-11,13972.620312047851
2022-03-12,13403.520675409698
2022-03-13,13120.428662989143
2022-03-14,13439.608458927678
2022-03-15,13480.725107136619
2022-03-16,13395.41196050731
2022-03-17,13279.15464758338
2022-03-18,13042.025324238644
2022-03-19,12639.53667557682
2022-03-20,12416.094566711283
2022-03-21,12706.516110067223
2022-03-22,12670.536433139749
2022-03-23,12464.323953128052
2022-03-24,12700.299323306688
2022-03-25,12469.18308294968
2022-03-26,11998.63862994904
2022-03-27,12048.142376419893
2022-03-28,12513.625174384571
2022-03-29,12571.560113328338
2022-03-30,12964.19872657148
2022-03-31,13206.532145346417
2022-04-01,12961.283217669119
2022-04-02,12647.88116675133
2022-04-03,12345.679635328659
2022-04-04,13097.475364000698
2022-04-05,13160.39865573225
2022-04-06,13084.327562423025
2022-04-07,12634.615450084648
2022-04-08,12478.087553389329
2022-04-09,12262.745967187098
2022-04-10,12016.319951864722
2022-04-11,12574.676493932697
2022-04-12,12494.038938152522
2022-04-13,12388.783357774131
2022-04-14,12063.89876691349
2022-04-15,12273.91454725169
2022-04-16,12081.081705695184
2022-04-17,11757.44570555914
2022-04-18,12200.96079883845
2022-04-19,12150.55086773431
2022-04-20,11990.183313668736
2022-04-21,11638.599702168362
2022-04-22,11509.062279104242
2022-04-23,10975.23012884639
2022-04-24,10748.890637727665
2022-04-25,11294.050807270089
2022-04-26,11406.835555177626
2022-04-27,11410.450988118619
2022-04-28,11298.093603256055
2022-04-29,11211.435753792626
2022-04-30,10864.493715584764
2022-05-01,10122.22688395891
2022-05-02,10632.870660028924
2022-05-03,10817.379068664704
2022-05-04,11006.773211559366
2022-05-05,11280.010845881214
2022-05-06,11021.811598900693
2022-05-07,10330.802744520106
2022-05-08,10249.927489564316
2022-05-09,10020.981615440738
2022-05-10,10131.299174304868
2022-05-11,10365.28889143237
2022-05-12,10485.167824477656
2022-05-13,10597.952695781645
2022-05-14,10091.122825745086
2022-05-15,9920.553556688228
2022-05-16,10218.961351129405
2022-05-17,10551.3628009839
2022-05-18,10495.011465256146
2022-05-19,10375.032263863573
2022-05-20,10265.539155096005
2022-05-21,9980.996049023337
2022-05-22,10213.701454089885
2022-05-23,10634.49195716637
2022-05-24,10463.006706497827
2022-05-25,10321.620648660984
2022-05-26,10329.390716907865
2022-05-27,10469.12462784697
2022-05-28,10297.811682767237
2022-05-29,9872.338730427246
2022-05-30,10417.937255619767
2022-05-31,10459.953733251743
2022-06-01,10521.09192070929
2022-06-02,10603.682254310777
2022-06-03,10336.771654423204
2022-06-04,9943.156858002192
2022-06-05,9460.500695283363
2022-06-06,9910.255196198892
2022-06-07,9795.209171504504
2022-06-08,9727.018250729658
2022-06-09,9773.963616540415
2022-06-10,9748.487224327406
2022-06-11,9383.388122470187
2022-06-12,8761.217412848351
2022-06-13,9377.449158651812
2022-06-14,9591.43906057042
2022-06-15,9785.636916442416
2022-06-16,9860.291391395858
2022-06-17,9801.494554215597
2022-06-18,9415.603339613248
2022-06-19,9226.973441921633
2022-06-20,9725.572899084404
2022-06-21,9922.83907935108
2022-06-22,10067.651596625128
2022-06-23,9844.517496236678
2022-06-24,10021.3522966753
2022-06-25,9537.435257456023
2022-06-26,9443.815012216402
2022-06-27,10234.854489454612
2022-06-28,10329.01684703186
2022-06-29,10001.28482357488
2022-06-30,9925.811469591083
2022-07-01,10150.831982489057
2022-07-02,9400.703274371837
2022-07-03,8955.518789246034
2022-07-04,9638.760708059126
2022-07-05,9645.775307147864
2022-07-06,9602.271751116788
2022-07-07,9563.858294493033
2022-07-08,9483.833866300645
2022-07-09,9059.0252518366
2022-07-10,8899.583785881214
2022-07-11,9452.967757925391
2022-07-12,9553.630331282582
2022-07-13,9543.092003713837
2022-07-14,9553.618383843317
2022-07-15,9508.143685937144
2022-07-16,9270.575456734978
2022-07-17,9187.129292737945
2022-07-18,9748.668146448248
2022-07-19,9936.730123275525
2022-07-20,9847.197208663738
2022-07-21,9888.251478129729
2022-07-22,9955.068444927636
2022-07-23,9337.661770748735
2022-07-24,8811.76313872003
2022-07-25,9527.999409345935
2022-07-26,9671.847245796125
2022-07-27,9514.698690263494
2022-07-28,9495.18487723044
2022-07-29,9573.991564855489
2022-07-30,9095.926604601995
2022-07-31,8897.950866271858
2022-08-01,9409.029880163678
2022-08-02,9520.98067437389
2022-08-03,9601.170654484868
2022-08-04,9859.753014325173
2022-08-05,9938.584342549844
2022-08-06,9410.252545491187
2022-08-07,9109.722839500406
2022-08-08,9685.119590292687
2022-08-09,9861.309149617571
2022-08-10,9967.343642047677
2022-08-11,10028.389903244293
2022-08-12,10043.155876514316
2022-08-13,9645.71354603387
2022-08-14,9557.12694132786
2022-08-15,10246.001964803654
2022-08-16,10467.18616473366
2022-08-17,10414.506439267147
2022-08-18,10463.608239442485
2022-08-19,10427.967719855054
2022-08-20,9932.264808034794
2022-08-21,9534.97382471337
2022-08-22,9871.91594730383
2022-08-23,10037.151682535237
2022-08-24,10153.47085920053
2022-08-25,10254.238149705685
2022-08-26,10214.284179031443
2022-08-27,9749.619325928512
2022-08-28,9510.6497745089
2022-08-29,9917.94218442305
2022-08-30,9806.4476425107
2022-08-31,9667.31992946203
2022-09-01,9574.622341396029
2022-09-02,9539.629344791409
2022-09-03,9401.894057182353
2022-09-04,9264.039050541807
2022-09-05,9716.170398978302
2022-09-06,9761.262160615448
2022-09-07,9908.24154635304
2022-09-08,9951.49776782192
2022-09-09,10079.831077054178
2022-09-10,10018.377430311128
2022-09-11,9717.923314689548
2022-09-12,10319.118655296264
2022-09-13,10407.350804290863
2022-09-14,10560.624436416045
2022-09-15,10626.757940286434
2022-09-16,10622.961126132857
2022-09-17,10312.966603949837
2022-09-18,10114.453629880476
2022-09-19,10744.146690539012
2022-09-20,10811.54363105804
2022-09-21,10817.732275509634
2022-09-22,10839.027633070948
2022-09-23,10865.002083299702
2022-09-24,10758.781559608631
2022-09-25,10620.838901356536
2022-09-26,11017.618513553894
2022-09-27,11281.326168632711
2022-09-28,11170.472965214376
2022-09-29,11498.031299358687
2022-09-30,11275.74883371894
2022-10-01,10820.292647996639
2022-10-02,10634.305945062559
2022-10-03,11157.600175702022
2022-10-04,11361.470267094786
2022-10-05,11229.788740329444
2022-10-06,11173.360629679948
2022-10-07,11103.804717654457
2022-10-08,10778.952664610393
2022-10-09,10575.101977803468
2022-10-10,11194.950132021946
2022-10-11,11246.716830824776
2022-10-12,11312.815146503382
2022-10-13,11305.055111438545
2022-10-14,11322.556113903967
2022-10-15,10925.493945337981
2022-10-16,10738.14999169977
2022-10-17,11163.638504446513
2022-10-18,11195.850836998761
2022-10-19,11310.781824332433
2022-10-20,11692.549372938944
2022-10-21,11793.414099957816
2022-10-22,11562.949941788733
2022-10-23,11303.252585299355
2022-10-24,11739.478061071242
2022-10-25,11774.288552684096
2022-10-26,11742.824969471056
2022-10-27,11782.084604381698
2022-10-28,11705.772059563325
2022-10-29,11128.948151416673
2022-10-30,10923.164665557832
2022-10-31,11532.759627840422
2022-11-01,11760.007565968966
2022-11-02,11854.814974163237
2022-11-03,11793.443886928215
2022-11-04,11559.526813278322
2022-11-05,11618.59909193803
2022-11-06,11667.250438948513
2022-11-07,12273.724281809611
2022-11-08,12211.932666696559
2022-11-09,12148.390015581088
2022-11-10,12127.529642833295
2022-11-11,12171.087021270936
2022-11-12,11651.781147511256
2022-11-13,11453.02008543998
2022-11-14,12228.067802394102
2022-11-15,12397.23506793341
2022-11-16,12659.779306641773
2022-11-17,13189.300846750983
2022-11-18,13395.785477613277
2022-11-19,13421.034316798174
2022-11-20,13543.670033990064
2022-11-21,14246.157140883392
2022-11-22,14232.93999420864
2022-11-23,14478.657408957013
2022-11-24,14712.484781027697
2022-11-25,14605.26433964678
2022-11-26,14116.746660420196
2022-11-27,13743.175880255958
2022-11-28,14207.330198902113
2022-11-29,14220.210386506305
2022-11-30,14343.35452171411
2022-12-01,14248.252883429055
2022-12-02,14516.839127281079
2022-12-03,14303.634527214108
2022-12-04,14089.613557445577
2022-12-05,14575.95633188534
2022-12-06,14708.694535862362
2022-12-07,14533.922950194354
2022-12-08,14595.813045243656
2022-12-09,14783.058968214506
2022-12-10,14745.336536552215
2022-12-11,14651.288767118042
2022-12-12,15249.782079507588
2022-12-13,14834.297154912343
2022-12-14,15253.963869722675
2022-12-15,16041.634025444486
2022-12-16,15962.997559397327
2022-12-17,15526.617579630718
2022-12-18,15382.75075975286
2022-12-19,15979.765179638376
2022-12-20,15486.375851886787
2022-12-21,14927.286988074486
2022-12-22,14627.233241708034
2022-12-23,14416.966328996657
2022-12-24,14018.852639279392
2022-12-25,13955.499634141786
2022-12-26,14465.89970675863
2022-12-27,14335.04067268439
2022-12-28,14235.126980666708
2022-12-29,13923.054716754285
2022-12-30,13638.81522745271
2022-12-31,12773.04109757722
2023-01-01,11193.237778045128
2023-01-02,11235.514924347537
2023-01-03,11572.707687305507
2023-01-04,12470.807281600068
2023-01-05,12716.976892941051
2023-01-06,13144.957829921996
2023-01-07,13089.676726515798
2023-01-08,12936.491722177034
2023-01-09,13527.716902958531
2023-01-10,13683.06954941619
2023-01-11,13626.766808234077
2023-01-12,13618.31433964897
2023-01-13,13402.505769475403
2023-01-14,12886.531577833672
2023-01-15,12705.195319925055
2023-01-16,13347.679494477716
2023-01-17,13370.426872299717
2023-01-18,13605.722786761637
2023-01-19,13980.117151963152
2023-01-20,13915.248099379787
2023-01-21,13707.943641138958
2023-01-22,13489.361902221308
2023-01-23,14049.483079544165
2023-01-24,14033.1678070363
2023-01-25,14095.458891057702
2023-01-26,14160.16966995037
2023-01-27,13997.131290839981
2023-01-28,13624.135782377765
2023-01-29,13452.685280678146
2023-01-30,13961.82549329559
2023-01-31,13704.073059619031
2023-02-01,13760.751276898662
2023-02-02,13850.265428743727
2023-02-03,13898.341005794913
2023-02-04,13635.91835061178
2023-02-05,13513.319615438952
2023-02-06,14010.910367517437
2023-02-07,13878.116834669017
2023-02-08,13813.524208773768
2023-02-09,13898.025152661168
2023-02-10,13835.123249462506
2023-02-11,13408.578868417113
2023-02-12,13185.079996144561
2023-02-13,13512.66757563333
2023-02-14,13402.873197318184
2023-02-15,13411.123218549506
2023-02-16,13516.816470189158
2023-02-17,13503.6999345849
2023-02-18,12898.412051080892
2023-02-19,12721.458773018656
2023-02-20,13402.751770423522
2023-02-21,13573.7844590567
2023-02-22,13433.564344718292
2023-02-23,13127.251253689492
2023-02-24,12767.3959022859
2023-02-25,12853.661807282568
2023-02-26,12836.105746776244
2023-02-27,13504.5837524309
2023-02-28,13476.350162790839
2023-03-01,13312.058439659351
2023-03-02,13387.327812572626
2023-03-03,13384.639927270286
2023-03-04,12856.820857587845
2023-03-05,12896.072474286202
2023-03-06,13490.919900843634
2023-03-07,13633.520664918782
2023-03-08,12952.448841780764
2023-03-09,13434.257587990116
2023-03-10,13873.201750796778
2023-03-11,13796.661842181364
2023-03-12,13253.591391850701
2023-03-13,13758.5138927035
2023-03-14,13375.585169290438
2023-03-15,13060.766755050174
2023-03-16,13201.576785487126
2023-03-17,13226.661766461182
2023-03-18,12636.359365942004
2023-03-19,12097.247368881466
2023-03-20,12454.160467029958
2023-03-21,12422.577633523788
2023-03-22,12487.204886938733
2023-03-23,12287.198381007589
2023-03-24,12174.443554048432
2023-03-25,11856.372216300793
2023-03-26,11702.014621728049
2023-03-27,12550.635020683103
2023-03-28,12936.716447856827
2023-03-29,13043.561388778222
2023-03-30,12464.272677913312
2023-03-31,12296.416474494654
2023-04-01,12015.122396241726
2023-04-02,12092.277377100032
2023-04-03,12649.374692583473
2023-04-04,12865.477681189308
2023-04-05,13049.585544624237
2023-04-06,13074.153396732076
2023-04-07,12644.914966739861
2023-04-08,11572.068522295742
2023-04-09,11312.662425769004
2023-04-10,11547.60684240146
2023-04-11,11404.334184543748
2023-04-12,11365.180832109536
2023-04-13,11349.121376940006
2023-04-14,11277.514609860453
2023-04-15,10995.323356574716
2023-04-16,10992.254325913402
2023-04-17,11482.271305920434
2023-04-18,11377.983526009519
2023-04-19,11345.948260542758
2023-04-20,11479.47473681833
2023-04-21,10849.492857112498
2023-04-22,10223.93903844204
2023-04-23,9940.536868006557
2023-04-24,10373.977325553586
2023-04-25,10868.07950218456
2023-04-26,11061.889504821755
2023-04-27,11314.950015351013
2023-04-28,11261.396263596871
2023-04-29,10707.083187653958
2023-04-30,10349.585522535657
2023-05-01,10422.933385492108
2023-05-02,10635.401008713223
2023-05-03,11198.10687847567
2023-05-04,11175.093016911202
2023-05-05,11018.335121093898
2023-05-06,10674.067495586072
2023-05-07,10325.496937482974
2023-05-08,9994.255064286124
2023-05-09,9683.679525660646
2023-05-10,9815.615722435095
2023-05-11,10044.185374515726
2023-05-12,9815.360622574955
2023-05-13,9498.577391190183
2023-05-14,9295.094297642705
2023-05-15,9661.429387159518
2023-05-16,9851.05498608234
2023-05-17,9976.759466863148
2023-05-18,10099.666666575982
2023-05-19,9966.336134312322
2023-05-20,9686.037775443703
2023-05-21,9199.439314770942
2023-05-22,9640.312999954644
2023-05-23,9496.291279704541
2023-05-24,9517.018843872927
2023-05-25,9429.649288798884
2023-05-26,9467.577128886356
2023-05-27,9173.278084389212
2023-05-28,8937.292801001324
2023-05-29,9358.728916419215
2023-05-30,9453.583391796989
2023-05-31,9542.789901747456
2023-06-01,9436.960175188202
2023-06-02,9428.778376842518
2023-06-03,9112.90798066158
2023-06-04,9046.21606649325
2023-06-05,9584.09572526821
2023-06-06,9603.213794067331
2023-06-07,9745.367664004913
2023-06-08,9695.56305184682
2023-06-09,9749.484196954078
2023-06-10,9074.28270289599
2023-06-11,8878.369823207197
2023-06-12,8915.419076413127
2023-06-13,9305.852205366755
2023-06-14,9523.503618960347
2023-06-15,9505.574724085764
2023-06-16,9566.91748124659
2023-06-17,9138.59404258242
2023-06-18,9060.631807733766
2023-06-19,9601.069055612397
2023-06-20,9703.22723554718
2023-06-21,9898.635993099562
2023-06-22,9793.694006934085
2023-06-23,9669.20046762628
2023-06-24,9316.079211038636
2023-06-25,9172.344795235209
2023-06-26,9715.322185180445
2023-06-27,9683.536349405007
2023-06-28,9631.196470634351
2023-06-29,9719.132913614
2023-06-30,9750.597781745048
2023-07-01,9280.387998668984
2023-07-02,9036.349885057658
2023-07-03,9389.450159572258
2023-07-04,9512.357945905038
2023-07-05,9477.544477660695
2023-07-06,9634.875998811744
2023-07-07,9586.04566188568
2023-07-08,9158.413828717734
2023-07-09,9059.679166976897
2023-07-10,9687.656859117762
2023-07-11,9739.439138651374
2023-07-12,9831.961975525597
2023-07-13,9787.255188115267
2023-07-14,9692.826299514081
2023-07-15,9307.851848104716
2023-07-16,9362.279559804352
2023-07-17,9800.256817129502
2023-07-18,9761.197041216137
2023-07-19,9603.902919236158
2023-07-20,9600.703802527005
2023-07-21,9677.227088319058
2023-07-22,9290.74395930281
2023-07-23,9246.369107644903
2023-07-24,9705.981534958279
2023-07-25,9695.812621777372
2023-07-26,9786.371177415927
2023-07-27,9667.891120933109
2023-07-28,9682.079333065374
2023-07-29,9447.309920572596
2023-07-30,9245.045149331067
2023-07-31,9692.016363591614
